drugA,drugB,meddra,N,dynamic,fold_change,triplet_id,is_top30
21602730,21603080,35809054,22,uniform,1.10703643286739,1,FALSE
21601431,21604436,42889498,15,increase,2.4200722152428,2,FALSE
21604272,21604566,36718301,10,decrease,1.62339274895688,3,FALSE
21600083,21603925,35708154,10,plateau,1.44276978013416,4,FALSE
21603448,21604566,36919230,10,inverse_plateau,1.39782731172939,5,FALSE
21601399,21603896,35809327,34,uniform,2.02920583381615,6,TRUE
21604272,21604393,36416500,12,increase,1.57180132033924,7,FALSE
21600448,21604305,35809059,11,decrease,2.3521526629166,8,FALSE
21604712,21604762,36718320,13,plateau,1.29749692545289,9,FALSE
21601399,21601435,35104341,16,inverse_plateau,4.76337276873436,10,FALSE
21601423,21603749,35104103,12,uniform,1.78541360919674,11,FALSE
21600493,21603462,35909571,10,increase,1.33753100968897,12,FALSE
21604348,21604566,35708208,12,decrease,1.81201610590021,13,FALSE
21602732,21604422,36416500,10,plateau,2.89291342088305,14,FALSE
21600493,21603718,36110642,10,inverse_plateau,5.35972739236997,15,FALSE
21603392,21604714,37522181,10,uniform,3.67008286206646,16,FALSE
21601390,21605270,37019321,10,increase,1.26062343580027,17,FALSE
21601431,21603927,42890355,21,decrease,2.10656124720337,18,FALSE
21601428,21602256,36211181,15,plateau,2.75392690419517,19,FALSE
21602102,21604348,37522220,13,inverse_plateau,6.14778650524028,20,FALSE
21602737,21604434,35204948,10,uniform,2.91621368367198,21,FALSE
21600083,21603080,36110649,14,increase,1.58640866540372,22,FALSE
21603168,21603173,36314766,18,decrease,5.6862751515886,23,FALSE
21600575,21602737,35104074,11,plateau,1.17861353668074,24,FALSE
21605129,43534853,42889536,34,inverse_plateau,1.33395090637108,25,TRUE
21602730,21603929,35104074,58,uniform,1.03127806975591,26,TRUE
21603157,21603173,35809330,21,increase,1.2867344841361,27,FALSE
21600493,21603851,35809054,12,decrease,1.98211137202798,28,FALSE
21602735,21603618,35104341,12,plateau,4.02262631557776,29,FALSE
21601442,21602646,35809327,10,inverse_plateau,1.06450866473218,30,FALSE
21602338,21602735,35506628,10,uniform,2.35963765182889,31,FALSE
21602485,21602806,35809243,11,increase,2.02905734526479,32,FALSE
21604431,21604559,36776613,12,decrease,1.42351518074671,33,FALSE
21604415,21604718,36315381,10,plateau,1.52284760106511,34,FALSE
21603448,21604415,36918858,15,inverse_plateau,1.2071527186406,35,FALSE
21603929,21604590,35104877,14,uniform,2.4651703684962,36,FALSE
21601161,21601518,37219868,10,increase,1.50350422598422,37,FALSE
21600096,21604399,36416500,13,decrease,3.20431654640757,38,FALSE
21603613,21603851,36009894,11,plateau,1.29825944609185,39,FALSE
21603921,21603968,36315486,20,inverse_plateau,3.57378678260965,40,FALSE
21603356,21605129,42889536,38,uniform,4.21478926373606,41,TRUE
21603911,21603921,36314856,49,increase,2.67133907843989,42,TRUE
21604399,21604440,35205345,10,decrease,3.00682507692499,43,FALSE
21602732,21603925,36110642,56,plateau,2.33439738049469,44,TRUE
21601392,21603749,35104177,21,inverse_plateau,3.12349505453057,45,FALSE
21602085,21604210,37622499,11,uniform,3.93382318549439,46,FALSE
21603312,21604415,35708208,13,increase,1.96129363769652,47,FALSE
21600096,21603911,43053808,11,decrease,1.87965306577583,48,FALSE
21601518,21602730,35809054,19,plateau,1.58525891602039,49,FALSE
21601423,21602096,35809327,13,inverse_plateau,2.63950212790928,50,FALSE
21604559,21604713,35809043,16,uniform,2.09517604418276,51,FALSE
21602102,21603082,37622449,11,increase,2.74483463907601,52,FALSE
21602735,21603917,36313836,10,decrease,4.80985210176332,53,FALSE
21603777,21603929,35104883,17,plateau,2.02349119147783,54,FALSE
21603924,21604210,35909571,10,inverse_plateau,2.14249223216734,55,FALSE
21603804,21603809,35104877,13,uniform,1.90460190114876,56,FALSE
21602735,21603896,35707713,12,increase,1.25168065354228,57,FALSE
21601423,21602646,35104199,10,decrease,2.59445693010752,58,FALSE
21602866,21603929,35104877,12,plateau,1.20956127221386,59,FALSE
21604422,21604762,36919235,12,inverse_plateau,1.54049528886875,60,FALSE
21600096,21603925,35809310,22,uniform,1.43973036731283,61,FALSE
21602730,21603777,36110642,11,increase,1.6213177839915,62,FALSE
21604542,21604562,36918912,11,decrease,2.49536916607978,63,FALSE
21604544,21604740,36919230,28,plateau,1.99502870559058,64,FALSE
21600505,21603607,35708154,12,inverse_plateau,3.98188883297726,65,FALSE
21603019,21603131,35104877,15,uniform,2.42185707881413,66,FALSE
21602823,21604434,42890557,10,increase,2.27973938479385,67,FALSE
21602338,21603285,45885904,10,decrease,1.12832566847404,68,FALSE
21604571,21604740,35708202,15,plateau,2.06245798825444,69,FALSE
21600083,21600658,36110597,12,inverse_plateau,2.43058985590301,70,FALSE
21603911,21603929,42889379,20,uniform,1.62300212308764,71,FALSE
21604432,21604643,35205345,10,increase,1.96571304146808,72,FALSE
21603163,21603176,35809330,13,decrease,2.81213246901196,73,FALSE
21603080,21603925,35708202,10,plateau,4.60814537836199,74,FALSE
21601390,21601432,35809207,13,inverse_plateau,1.99680772790672,75,FALSE
21602289,21602302,37320158,27,uniform,1.61919975901643,76,FALSE
21604393,21604399,36718540,18,increase,3.0751378411786,77,FALSE
21604201,21604643,35809310,15,decrease,2.39887716118854,78,FALSE
21604344,21604711,36211492,15,plateau,1.05176319802801,79,FALSE
21601423,40253400,35809054,12,inverse_plateau,1.59631286064784,80,FALSE
21602256,21603929,36516786,26,uniform,4.22158406906411,81,FALSE
21603086,21604131,35909625,15,increase,1.03872998431325,82,FALSE
21600493,21603927,36315575,10,decrease,1.07912521865404,83,FALSE
21604577,21604711,36918942,10,plateau,3.40554890522086,84,FALSE
21601423,21603718,36718132,15,inverse_plateau,1.92734925194941,85,FALSE
21604431,21604566,36211481,10,uniform,2.99696529148741,86,FALSE
21602338,21602924,35809054,17,increase,1.76958108631273,87,FALSE
21602735,21603140,36315575,10,decrease,2.2664165769454,88,FALSE
21604415,21604425,36211462,33,plateau,2.17966394990048,89,TRUE
21603019,21604571,36313550,10,inverse_plateau,1.2397411831965,90,FALSE
21600503,21604571,35104877,13,uniform,3.11333605139179,91,FALSE
21604272,21604571,37622449,23,increase,1.7762509683768,92,FALSE
21600493,21602978,35708208,16,decrease,1.58330958584944,93,FALSE
21603082,21604272,35708093,11,plateau,2.35981351835232,94,FALSE
21600098,21603448,35809054,15,inverse_plateau,3.00101554382566,95,FALSE
21600097,21602737,37622449,10,uniform,3.01226647411146,96,FALSE
21604402,21604677,36416500,13,increase,1.68407296203077,97,FALSE
21603356,21604348,35809054,14,decrease,1.85514474970599,98,FALSE
21601431,21603851,36617310,16,plateau,3.77723217148581,99,FALSE
21601161,21602730,35104877,10,inverse_plateau,1.54493217294415,100,FALSE
21600513,21602737,35104877,10,uniform,5.51257291413791,101,FALSE
21602921,21604272,36416501,10,increase,1.53705717188617,102,FALSE
21600098,21603312,42889536,27,decrease,1.30412287885944,103,FALSE
21603718,21604344,36313476,11,plateau,1.67420079931617,104,FALSE
21601399,21601442,35809327,10,inverse_plateau,1.31162899670502,105,FALSE
21601518,21602648,36110642,18,uniform,1.10458343786498,106,FALSE
21603156,21603175,35809330,22,increase,1.46728307381272,107,FALSE
21604433,21604544,36919059,10,decrease,2.42167502990809,108,FALSE
21603800,21604344,35104877,17,plateau,1.1609002963779,109,FALSE
21603929,45893488,35708044,12,inverse_plateau,1.64520011780163,110,FALSE
21602085,21603929,35104883,19,uniform,2.43198597209949,111,FALSE
21603165,21603173,36314766,19,increase,4.89336817440834,112,FALSE
21601399,21603718,36009895,19,decrease,5.01038058576431,113,FALSE
21600816,21602256,35809019,10,plateau,3.43637101341012,114,FALSE
21600100,21603967,35708156,10,inverse_plateau,1.07752772672493,115,FALSE
21603009,21604344,35809243,11,uniform,1.98970039203971,116,FALSE
21603404,21604260,36919127,15,increase,2.41698400794826,117,FALSE
21603911,21604889,35708164,11,decrease,1.65009987540543,118,FALSE
21604431,21604718,35506601,11,plateau,1.14137053924302,119,FALSE
21603900,21604425,35809079,19,inverse_plateau,1.45186273820151,120,FALSE
21602096,21603135,35809327,13,uniform,1.08095658694707,121,FALSE
21604542,21604543,36313477,10,increase,1.63083378660182,122,FALSE
21603312,21604344,42889536,13,decrease,4.45771379596756,123,FALSE
21600303,21602699,37622449,12,plateau,3.18757790564222,124,FALSE
21603082,21603896,35809310,31,inverse_plateau,1.30424931707482,125,TRUE
21604260,21604348,35104877,21,uniform,4.92580718773054,126,FALSE
21602338,21603927,37019321,11,increase,1.3903750795871,127,FALSE
21603173,21603175,42889636,11,decrease,3.21532670397285,128,FALSE
21602924,21603895,35809054,13,plateau,4.05465303001258,129,FALSE
21600083,21602338,35708038,12,inverse_plateau,1.66107488858203,130,FALSE
21603925,21605129,35809054,15,uniform,1.43802609418829,131,FALSE
21603497,21604090,36776613,10,increase,2.24427633230251,132,FALSE
21604590,21604741,36311918,13,decrease,1.53607204556465,133,FALSE
21602096,21602898,35809327,12,plateau,2.20907069861255,134,FALSE
21600100,21603967,35909443,19,inverse_plateau,1.22334234975278,135,FALSE
21604436,21604566,36516848,10,uniform,2.14712543904147,136,FALSE
21603718,21603738,35707713,11,increase,2.63015167037012,137,FALSE
21601399,21602085,36009892,12,decrease,1.3529587580512,138,FALSE
21601518,21603924,37019318,11,plateau,3.04172100860599,139,FALSE
21603921,21604889,36516818,13,inverse_plateau,1.2057215757668,140,FALSE
21604529,21604544,36918858,13,uniform,2.13393957562822,141,FALSE
21602102,21604571,35205388,10,increase,3.86083806814508,142,FALSE
21604260,21604272,35708093,15,decrease,1.6740707034866,143,FALSE
21603462,21604131,36313594,12,plateau,1.70866291219588,144,FALSE
21602732,21603732,37522220,10,inverse_plateau,1.24698259260053,145,FALSE
21602730,21605269,35809310,11,uniform,3.78317879371926,146,FALSE
21603160,21603161,36314766,19,increase,3.119875545191,147,FALSE
21601699,21601789,36818729,13,decrease,1.19690751160185,148,FALSE
21603911,21604889,36516781,18,plateau,1.45839652356778,149,FALSE
21604571,21604888,36211190,12,inverse_plateau,1.69133376888931,150,FALSE
21601433,21601435,36313524,10,uniform,2.33139479278884,151,FALSE
21600484,21602485,36211303,32,increase,1.18937915925716,152,TRUE
21601534,21603967,43053854,13,decrease,4.71525745568123,153,FALSE
21604577,21604714,36918942,10,plateau,2.58758458986244,154,FALSE
21602735,21603086,42890648,10,inverse_plateau,1.31059977722665,155,FALSE
21600096,21601423,35809079,10,uniform,3.48972266901258,156,FALSE
21603732,21604434,35104877,16,increase,5.23478154622013,157,FALSE
21601274,21604433,37320109,10,decrease,2.30407447362305,158,FALSE
21600493,21600816,35708208,26,plateau,1.4795731070141,159,FALSE
21602734,21603082,36110320,11,inverse_plateau,2.39279056955737,160,FALSE
21603917,21604643,37220005,14,uniform,3.75020779906435,161,FALSE
21602873,21604857,35204985,15,increase,2.39037384459736,162,FALSE
21604422,21604577,35204970,10,decrease,1.14582047646127,163,FALSE
21600083,21601911,35104691,11,plateau,1.43373307151099,164,FALSE
21601423,21603772,35909571,11,inverse_plateau,3.25928846238775,165,FALSE
21602737,21603082,35104074,11,uniform,2.69256484999619,166,FALSE
21600399,21604544,35204908,10,increase,1.25631820783019,167,FALSE
21603929,21604344,36718132,10,decrease,2.7391882687247,168,FALSE
21602732,21603908,35809327,18,plateau,2.8554447267326,169,FALSE
21600083,21602485,35708208,15,inverse_plateau,1.77138394179444,170,FALSE
21602256,21603927,36110642,12,uniform,3.02844659972909,171,FALSE
21603723,21603749,35104883,14,increase,4.41643524401471,172,FALSE
21602921,21604571,36416595,10,decrease,7.68054626594515,173,FALSE
21603009,21603929,35104877,10,plateau,1.42512407588462,174,FALSE
21603927,21604348,35708208,10,inverse_plateau,4.18714511129344,175,FALSE
21602896,21603800,35104103,12,uniform,1.0285819247365,176,FALSE
21603967,21604745,36211492,11,increase,1.62164919885496,177,FALSE
21604415,21604440,43053854,24,decrease,1.18599305363993,178,FALSE
21602735,21602737,35809243,10,plateau,1.59085087291896,179,FALSE
21603163,21603168,36314766,18,inverse_plateau,1.90826812076072,180,FALSE
21600395,21604434,36818646,10,uniform,2.57633722378132,181,FALSE
21603980,21604431,35204948,10,increase,1.74306456372142,182,FALSE
21600096,21604571,36416500,13,decrease,1.02073264137705,183,FALSE
21603157,21603158,35809330,21,plateau,1.92811871697121,184,FALSE
21602256,21603905,35708093,49,inverse_plateau,1.17115282074525,185,TRUE
1588697,21605129,35306246,18,uniform,2.25848438957693,186,FALSE
21600484,21604571,37622529,18,increase,4.52981422576393,187,FALSE
21602732,21604348,35104877,11,decrease,1.74808060564101,188,FALSE
21604230,21604344,35809054,16,plateau,1.28728838541506,189,FALSE
21602735,21604348,35708154,12,inverse_plateau,1.2490747540593,190,FALSE
21602898,21604677,43053854,20,uniform,1.9677344969845,191,FALSE
21604415,21604655,35204970,11,increase,1.2744964615917,192,FALSE
21602256,21603911,35606964,25,decrease,4.17996431125288,193,FALSE
21600097,21602485,36211303,35,plateau,2.79638154054047,194,TRUE
21603448,21603896,35708093,10,inverse_plateau,1.55739202102025,195,FALSE
21601789,21604556,36211496,25,uniform,1.56735356462499,196,FALSE
21600658,21603909,35808914,10,increase,2.12803411850692,197,FALSE
21604193,21604272,37219905,13,decrease,1.69350406030814,198,FALSE
21601045,21603505,42889536,10,plateau,1.72962777875364,199,FALSE
21602102,21603082,35809054,14,inverse_plateau,1.33177653948466,200,FALSE
21602485,21603288,36918858,14,uniform,1.22035313459734,201,FALSE
21600575,21604566,35708208,12,increase,2.36389841378128,202,FALSE
21604436,21604562,37522220,10,decrease,3.02770030984008,203,FALSE
21603080,21605269,35104877,18,plateau,1.24607160004477,204,FALSE
21604559,21604718,36718265,10,inverse_plateau,1.43312898088869,205,FALSE
21604422,21604713,36919235,13,uniform,1.06989951618016,206,FALSE
21604422,21604440,35809054,13,increase,2.8001652098632,207,FALSE
21603738,21603804,35104199,12,decrease,1.01654140059893,208,FALSE
21602648,21602653,36516765,12,plateau,1.13295294841131,209,FALSE
21602734,21603909,37622449,10,inverse_plateau,4.97126466110143,210,FALSE
21601003,21602653,35809327,10,uniform,4.14438431693201,211,FALSE
21604415,21604713,36918858,13,increase,2.2146233184013,212,FALSE
21603719,21603748,35104236,12,decrease,1.83957819330196,213,FALSE
21601392,21603929,36110874,12,plateau,2.70695881539942,214,FALSE
21603641,21604577,35708208,10,inverse_plateau,6.19213025492239,215,FALSE
21602820,21604399,43053854,23,uniform,2.94588819027021,216,FALSE
21600513,21604344,35104877,10,increase,1.72240371443331,217,FALSE
21603082,21603924,35909437,18,decrease,4.73846912361628,218,FALSE
21600097,21603082,42890392,18,plateau,1.71612729194264,219,FALSE
21604272,21604348,35104877,11,inverse_plateau,1.93289884652167,220,FALSE
21601435,21603851,35104883,12,uniform,5.79891398209286,221,FALSE
21600398,21604385,36919059,13,increase,1.52838168101747,222,FALSE
21601129,21603898,35809329,10,decrease,6.49259770633586,223,FALSE
21603156,21603158,36314766,19,plateau,2.41347503035626,224,FALSE
21602484,21602499,35506586,10,inverse_plateau,1.36569143024584,225,FALSE
21602737,21603851,35104877,14,uniform,2.18045348171752,226,FALSE
21603080,21604272,37622449,22,increase,1.5951126352349,227,FALSE
1588697,21601161,36316012,12,decrease,1.22820332894723,228,FALSE
21600193,21604714,36718440,10,plateau,2.06958071881892,229,FALSE
21602648,21602823,36718151,10,inverse_plateau,1.79555324961742,230,FALSE
21601518,21603131,35708093,14,uniform,1.87407869597276,231,FALSE
21601423,21603917,36517125,28,increase,1.00378504838067,232,FALSE
21604432,21604436,35809327,16,decrease,1.476620967194,233,FALSE
21602895,21602898,37220005,12,plateau,1.24904249670605,234,FALSE
21603081,21603082,37622447,11,inverse_plateau,2.69884624574941,235,FALSE
21603777,21603929,35809310,11,uniform,1.60592535632782,236,FALSE
21603921,21603929,36315380,13,increase,2.02027391636731,237,FALSE
21601466,21601684,35205136,11,decrease,1.59640792384744,238,FALSE
21603922,21603929,35809054,28,plateau,1.24184637392561,239,FALSE
21603804,21603809,36110642,11,inverse_plateau,2.45880112447652,240,FALSE
21603905,21603968,43053882,18,uniform,1.26628119746844,241,FALSE
21604433,21604566,36776613,13,increase,5.06214241164373,242,FALSE
21603131,21603929,35708208,25,decrease,3.03603453366034,243,FALSE
21600096,21600135,35708093,11,plateau,3.88113098574762,244,FALSE
21601428,21602730,35104103,10,inverse_plateau,2.20549223690591,245,FALSE
21601121,21604298,36919230,11,uniform,2.92672770603267,246,FALSE
21601390,21603851,35708208,16,increase,2.7461224545475,247,FALSE
21601518,21603285,36110597,13,decrease,1.48262433335185,248,FALSE
21600535,21603980,35809243,14,plateau,3.45073845722996,249,FALSE
21600513,21603925,35809054,13,inverse_plateau,1.12955255806446,250,FALSE
21604571,21604711,35607306,10,uniform,2.68338815365594,251,FALSE
21603160,21603173,35809330,30,increase,4.18447371555452,252,FALSE
21603621,21603929,36516749,24,decrease,1.35667282622707,253,FALSE
21602256,21604230,35809005,11,plateau,2.8239672978159,254,FALSE
21604571,21604643,36416563,10,inverse_plateau,1.06296672332732,255,FALSE
21603911,21604577,35809005,10,uniform,1.36960446027418,256,FALSE
21601390,21602924,35104877,14,increase,2.930605687089,257,FALSE
21604122,21604436,35204960,10,decrease,1.13698599487543,258,FALSE
21601390,21603925,36009895,32,plateau,2.56599504495026,259,TRUE
21600493,21604415,35809054,12,inverse_plateau,2.98612174761474,260,FALSE
21603967,21604434,36776613,11,uniform,2.80748295530043,261,FALSE
21604436,21604574,35809327,103,increase,1.09649692910413,262,TRUE
21600484,21604344,35708208,13,decrease,2.15866049249333,263,FALSE
21601390,21601428,36110026,13,plateau,1.67495959065855,264,FALSE
21602823,21602873,35909517,13,inverse_plateau,1.13303080171187,265,FALSE
21603497,21604757,35808800,15,uniform,4.4308523807236,266,FALSE
21604433,21604559,36918942,11,increase,1.90524681160847,267,FALSE
21602732,21604677,36416500,16,decrease,1.58193268192311,268,FALSE
21603924,21604399,36009894,15,plateau,1.63406142281989,269,FALSE
21604436,21604566,35204948,18,inverse_plateau,3.51623132068637,270,FALSE
21603019,21603110,36313524,11,uniform,1.64076951146126,271,FALSE
21601423,21602085,35104877,16,increase,1.33483552329682,272,FALSE
21600816,21602690,36211465,11,decrease,1.26647081971169,273,FALSE
21600948,21603992,36718379,11,plateau,3.02708923899024,274,FALSE
21603911,21604714,35809327,12,inverse_plateau,2.22797908325913,275,FALSE
21600663,21602735,35809115,26,uniform,3.11502340640153,276,FALSE
21601518,21603967,37622449,10,increase,4.44910928838536,277,FALSE
21604348,21604590,35104877,10,decrease,3.52346443373683,278,FALSE
21604415,21604562,36718265,15,plateau,2.54983023424309,279,FALSE
21600663,21603905,35809327,70,inverse_plateau,2.29513776693052,280,TRUE
21600083,21601518,35205038,17,uniform,1.0189248782893,281,FALSE
21604544,21604740,36211496,19,increase,2.91265395024144,282,FALSE
21600096,21600111,35708202,12,decrease,1.42977181139092,283,FALSE
21602648,21604344,35809054,11,plateau,1.4804264617463,284,FALSE
21603356,21603448,36718440,12,inverse_plateau,1.31503545187344,285,FALSE
21600816,21602295,36718382,14,uniform,2.79923744369906,286,FALSE
21601392,21601450,45885779,10,increase,1.10532273211302,287,FALSE
21600098,21604714,35205305,10,decrease,1.96685610282428,288,FALSE
21603929,21603992,35809243,10,plateau,3.75802826125148,289,FALSE
21600575,21603356,36718132,13,inverse_plateau,3.5599733267101,290,FALSE
21602256,21604745,36919127,12,uniform,1.66903193543355,291,FALSE
21604419,21604425,36776613,19,increase,2.61560010035199,292,FALSE
21603448,21604230,35809054,17,decrease,3.23853401828531,293,FALSE
21603967,21604122,36919230,16,plateau,1.38323124932746,294,FALSE
21603152,21603164,36818729,12,inverse_plateau,3.65880136925701,295,FALSE
21603497,21604757,36919098,13,uniform,1.30134156594674,296,FALSE
21600448,21603312,37219897,13,increase,2.02658689885697,297,FALSE
21603163,21603164,35809330,29,decrease,2.15283133332294,298,FALSE
21601161,21603929,35104877,14,plateau,3.74106017737312,299,FALSE
21602896,21603009,35809054,12,inverse_plateau,3.10234048703038,300,FALSE
21600096,21604436,35204948,12,uniform,3.18477484413922,301,FALSE
21601751,21603082,37320193,10,increase,1.81226096923153,302,FALSE
21602256,21604260,36919230,26,decrease,1.89270551875234,303,FALSE
21602085,21604210,36313594,13,plateau,2.78416681408248,304,FALSE
21600575,21604260,37622449,14,inverse_plateau,3.88588295611823,305,FALSE
21603448,21603497,37522220,12,uniform,1.00161090741555,306,FALSE
21604556,21604751,36211496,20,increase,1.24091706921657,307,FALSE
21604529,21604559,37522220,18,decrease,1.014131811137,308,FALSE
21600718,21604562,42889636,11,plateau,2.92535141595923,309,FALSE
21600493,21600543,35104877,25,inverse_plateau,1.53715001046658,310,FALSE
21600575,21605129,35809076,11,uniform,2.39896171286068,311,FALSE
21601392,21603749,35708093,13,increase,2.81055057912431,312,FALSE
21600658,21602732,36110201,11,decrease,1.47385232185843,313,FALSE
21604422,21604711,36919059,25,plateau,2.19830788914722,314,FALSE
21600493,21604210,35909571,21,inverse_plateau,5.19177693106181,315,FALSE
21601390,21603448,36313476,10,uniform,1.73321726173162,316,FALSE
21602898,21604422,43053854,12,increase,4.73012592372742,317,FALSE
21604544,21604745,42889647,18,decrease,2.04633389904461,318,FALSE
21601751,21602735,42890648,10,plateau,1.55629493358235,319,FALSE
21600484,21603732,36718229,11,inverse_plateau,1.32918153392772,320,FALSE
21601518,21602102,37622449,23,uniform,1.09697239100933,321,FALSE
21604272,21604566,35607284,10,increase,1.22093693682197,322,FALSE
21603613,21603929,35809054,16,decrease,1.84282037429512,323,FALSE
21602735,21603288,36009700,17,plateau,1.09749310153226,324,FALSE
21602735,21603916,37522220,11,inverse_plateau,3.65704293041153,325,FALSE
21602732,21604432,43053854,21,uniform,1.81756493297788,326,FALSE
21604415,21604436,35708208,26,increase,2.19098765425351,327,FALSE
21601435,21602921,36313524,11,decrease,1.3384179212153,328,FALSE
21601392,21602338,36009894,13,plateau,1.23663439912101,329,FALSE
21601200,21604643,36718321,11,inverse_plateau,2.11881885423622,330,FALSE
21604543,21604563,36718320,10,uniform,1.21771145963511,331,FALSE
21604399,21604571,36416500,13,increase,2.31911828887046,332,FALSE
21603173,21603194,42889636,17,decrease,1.64861671254039,333,FALSE
21601423,21603913,36211462,11,plateau,2.01354278765752,334,FALSE
21602485,21604122,35809243,15,inverse_plateau,1.46018681551019,335,FALSE
1588697,21603514,42889536,31,uniform,1.33662379036347,336,FALSE
21602735,21603607,35809310,10,increase,1.06895800369481,337,FALSE
21603929,21604857,35708093,10,decrease,1.19360842212394,338,FALSE
21601390,21602734,36313436,18,plateau,1.66167978880306,339,FALSE
21604393,21604415,43053854,24,inverse_plateau,1.23854375506441,340,FALSE
21600747,21604434,35104884,10,uniform,3.50841315327807,341,FALSE
21603081,21603929,35104877,10,increase,1.00410757772624,342,FALSE
21604556,21604757,36919059,16,decrease,3.72512268015467,343,FALSE
21600863,21604344,35708154,11,plateau,1.3356343432837,344,FALSE
21601392,21603748,36110597,12,inverse_plateau,2.96055047171478,345,FALSE
21602485,21604271,35909443,10,uniform,1.29999904086192,346,FALSE
21603607,21603929,37320158,13,increase,3.35248751496521,347,FALSE
21600096,21602754,35708208,10,decrease,1.65775868855417,348,FALSE
21601423,21604436,35809207,12,plateau,2.14980865264298,349,FALSE
21604422,21604433,36919149,10,inverse_plateau,1.36216387587289,350,FALSE
21601435,21604399,35104199,10,uniform,1.15322531255044,351,FALSE
21600816,21602737,35708154,11,increase,1.01795665298899,352,FALSE
21600994,21601518,35708202,10,decrease,6.01141872725694,353,FALSE
21601390,21603929,37219937,10,plateau,1.42258544079959,354,FALSE
21603097,21603110,35809330,11,inverse_plateau,3.34228103596691,355,FALSE
21604260,21605269,35104877,10,uniform,2.1315676015673,356,FALSE
21602823,21603756,36416514,12,increase,2.45069068416319,357,FALSE
21600975,21603925,35708093,11,decrease,1.69330482371151,358,FALSE
21603081,21603896,35104877,15,plateau,2.42653058836223,359,FALSE
21604230,21604272,35809243,11,inverse_plateau,2.42749440540236,360,FALSE
21604559,21604640,36718317,13,uniform,1.56751576935252,361,FALSE
21600505,21603929,35809054,12,increase,5.82465892730096,362,FALSE
21601399,21602256,36211181,14,decrease,3.99757427208707,363,FALSE
21600098,21603896,35809310,13,plateau,1.44023277113835,364,FALSE
21603462,21603924,35909625,12,inverse_plateau,1.84008629868428,365,FALSE
21604574,21604643,36718540,10,uniform,4.26302778208607,366,FALSE
21604402,21604415,35205345,10,increase,2.60795057559373,367,FALSE
21602732,21603312,35809054,10,decrease,1.25922458805144,368,FALSE
21600747,21604544,35104883,14,plateau,3.1434429261955,369,FALSE
21600096,21600098,35708202,17,inverse_plateau,3.39311882842306,370,FALSE
21603086,21603925,37320098,11,uniform,1.83921936961512,371,FALSE
21603009,21603909,37522220,19,increase,1.36162109052142,372,FALSE
21604562,21604745,36918985,12,decrease,1.06704025901854,373,FALSE
21601390,21603618,35104341,11,plateau,1.62807420206567,374,FALSE
21602085,21602102,37622449,10,inverse_plateau,1.0995859329594,375,FALSE
21601274,21602648,36314117,11,uniform,1.77198380728563,376,FALSE
21600604,21602730,35104877,10,increase,1.14434773412844,377,FALSE
21603370,21605014,35809327,18,decrease,6.20167286646124,378,FALSE
21603514,21603967,35708156,10,plateau,2.24376737817488,379,FALSE
21600747,21601518,42889636,11,inverse_plateau,2.75702202190321,380,FALSE
21603158,21603160,36314766,19,uniform,1.56538435257971,381,FALSE
21603896,21603897,42888965,15,increase,1.19005842047777,382,FALSE
21603103,21604712,35205355,12,decrease,2.61848907663784,383,FALSE
21604559,21604566,35204960,11,plateau,1.55074346562227,384,FALSE
21602735,21603911,35808976,13,inverse_plateau,1.38635422862825,385,FALSE
21600747,21604757,36315381,10,uniform,4.97335203466263,386,FALSE
21602102,21604436,36776613,10,increase,3.23315164414525,387,FALSE
21602730,21604344,35708208,15,decrease,1.35984408544997,388,FALSE
21600493,21604260,35104883,14,plateau,2.36165689547223,389,FALSE
21601129,21604344,35708202,13,inverse_plateau,1.5917132942161,390,FALSE
21604559,21604655,35204948,13,uniform,3.04488260039412,391,FALSE
21602256,21603864,36516812,11,increase,1.2211989381661,392,FALSE
21600096,21600535,35708208,10,decrease,1.43990475560228,393,FALSE
21604419,21604431,36776613,13,plateau,1.42931975302631,394,FALSE
21602256,21604272,36919127,22,inverse_plateau,1.26225035513441,395,FALSE
21601534,21605129,36416600,11,uniform,2.73126216723881,396,FALSE
21602102,21603732,35809054,31,increase,1.60879615135491,397,FALSE
21600493,21602921,36313524,10,decrease,1.51754771980147,398,FALSE
21603896,21603924,35104177,14,plateau,1.49181115751465,399,FALSE
21600098,21602735,35809310,14,inverse_plateau,2.28792345981212,400,FALSE
21600575,21602102,35708093,13,uniform,1.88589597741763,401,FALSE
21603448,21603968,36919230,18,increase,1.12941017372077,402,FALSE
21602485,21604305,36211303,21,decrease,4.32254483037278,403,FALSE
21603992,21604714,35809243,12,plateau,1.10209395798544,404,FALSE
21603256,21605129,42889536,10,inverse_plateau,3.97074453267539,405,FALSE
21601423,21603748,35809054,20,uniform,2.60927900293829,406,FALSE
21602485,21604258,35708208,14,increase,2.94219359632186,407,FALSE
21603165,21603173,35809054,13,decrease,2.52560693392517,408,FALSE
21601431,21602730,35104199,10,plateau,2.19551922175314,409,FALSE
21602820,21604415,37220005,13,inverse_plateau,1.01278188002541,410,FALSE
21600493,21601423,35809072,14,uniform,4.04495719306752,411,FALSE
21600098,21601161,35306246,11,increase,5.06597933150775,412,FALSE
21601423,21603924,35104177,17,decrease,1.40611663088202,413,FALSE
21600604,21602102,35104883,12,plateau,1.74157142080367,414,FALSE
21601435,21602735,36416595,18,inverse_plateau,5.28510850645549,415,FALSE
21602485,21604711,36918942,12,uniform,1.25363099140426,416,FALSE
21600718,21601670,35104884,12,increase,2.98012485343936,417,FALSE
21601399,21601435,36776613,18,decrease,1.12960246760779,418,FALSE
21604348,21604712,36718265,10,plateau,3.5867771480354,419,FALSE
21603980,21604745,36919230,10,inverse_plateau,1.37881756636004,420,FALSE
21603895,21603925,36110974,11,uniform,1.7098355256021,421,FALSE
21604741,21604762,36718132,10,increase,1.48609424692889,422,FALSE
21600303,21602737,37622449,11,decrease,1.83265644746522,423,FALSE
21600096,21603967,35506459,10,plateau,5.27386810790661,424,FALSE
21600819,21601133,35809054,13,inverse_plateau,1.27244868253668,425,FALSE
21603448,21603800,35104877,17,uniform,1.63099988447803,426,FALSE
21603896,21604399,35707763,10,increase,3.70265883941177,427,FALSE
21603131,21604571,35104877,13,decrease,1.57140613752267,428,FALSE
21603925,21603929,36416501,16,plateau,1.78131466607253,429,FALSE
21604418,21604543,36919059,11,inverse_plateau,3.19622241283674,430,FALSE
21600098,21603911,35809327,11,uniform,2.20163063326837,431,FALSE
21604571,21604857,36416595,15,increase,1.00413042368362,432,FALSE
21604544,21604714,36818730,12,decrease,1.79814615907768,433,FALSE
21601518,21604272,35204966,12,plateau,3.07839264957829,434,FALSE
21600493,21604559,35809310,12,inverse_plateau,1.17441906842093,435,FALSE
21604402,21604436,37220005,14,uniform,1.18186289258301,436,FALSE
21602102,21603851,37622449,10,increase,1.26888254166554,437,FALSE
21602898,21603917,35205345,10,decrease,5.63095865142132,438,FALSE
21601390,21605271,35809207,10,plateau,1.86110628582537,439,FALSE
21602978,21603980,37219871,19,inverse_plateau,2.93561888262955,440,FALSE
21603019,21603082,35809054,25,uniform,1.47742444090545,441,FALSE
21604745,21604751,35809310,14,increase,1.00311950883517,442,FALSE
21603082,21603929,35104074,18,decrease,1.10344363835004,443,FALSE
21602256,21603497,35809054,10,plateau,1.67172607034445,444,FALSE
21603131,21604436,35809054,12,inverse_plateau,1.07523819555839,445,FALSE
21603917,21604272,36416500,12,uniform,1.21889309709271,446,FALSE
21600494,21603929,36110642,10,increase,3.76746877023303,447,FALSE
21604544,21604762,36918945,11,decrease,7.03880884713103,448,FALSE
21600965,21602485,37219871,17,plateau,4.13579520814702,449,FALSE
21603738,21603929,35104397,11,inverse_plateau,3.01854590431847,450,FALSE
21600484,21604348,36718500,12,uniform,2.62167300650837,451,FALSE
21604230,21604344,35708208,11,increase,2.18452850061513,452,FALSE
21600862,21604344,37622449,10,decrease,2.6514536315636,453,FALSE
21603362,21603497,36009700,20,plateau,1.15747111849487,454,FALSE
21600449,45893474,35708202,13,inverse_plateau,2.05911976590118,455,FALSE
21601429,21603800,35809054,13,uniform,2.63301065558554,456,FALSE
21601869,21603992,36617415,12,increase,1.30216938736569,457,FALSE
21604542,21604712,36918858,12,decrease,1.80470719340061,458,FALSE
21600098,21600484,37622529,12,plateau,2.08780058591924,459,FALSE
21602737,21603896,36110715,12,inverse_plateau,1.15920803649404,460,FALSE
21601390,21605271,35708208,13,uniform,3.34093912928028,461,FALSE
21603392,21603514,42889536,39,increase,1.4200979989228,462,TRUE
21603968,21603980,37019425,14,decrease,1.84303382659952,463,FALSE
21603761,21603992,36110933,13,plateau,1.5385492083927,464,FALSE
21602648,21604344,35205038,11,inverse_plateau,2.94636438279076,465,FALSE
21601161,21602737,37622449,14,uniform,1.4479808267206,466,FALSE
21603723,21603809,35104871,15,increase,1.16218053073219,467,FALSE
21600448,21600994,35809059,10,decrease,2.70955565193655,468,FALSE
21600747,21604436,36211496,10,plateau,1.67394067967931,469,FALSE
21601435,21604260,35104877,32,inverse_plateau,1.15255964174867,470,TRUE
21602338,21603285,43562827,10,uniform,3.27603999514106,471,FALSE
21600448,21601467,35708208,10,increase,1.71230106987059,472,FALSE
21600097,21603641,36776613,12,decrease,3.96411573572498,473,FALSE
21602732,21603718,35104877,17,plateau,1.20165388099849,474,FALSE
21600097,21602338,37320098,20,inverse_plateau,1.27180094644427,475,FALSE
21602653,21603497,37522220,14,uniform,4.13592203192994,476,FALSE
21601423,21603911,35708202,94,increase,3.00558337063336,477,TRUE
21601390,21602096,35809207,11,decrease,1.45174728918109,478,FALSE
21603356,21604344,36718132,20,plateau,2.4386437224285,479,FALSE
21602737,21603967,35708208,11,inverse_plateau,2.88653546063824,480,FALSE
21604714,21604745,36918858,11,uniform,1.51397560288509,481,FALSE
21600096,21602895,37220005,12,increase,2.02270190908871,482,FALSE
21603081,21603082,35809310,13,decrease,4.17261806012801,483,FALSE
21600493,21604590,36718132,10,plateau,4.33987751834676,484,FALSE
21600604,21601518,35104691,10,inverse_plateau,1.82885793844859,485,FALSE
21603927,21604348,35708202,10,uniform,1.26287534365715,486,FALSE
21602732,21603285,42889498,15,increase,1.86061724399527,487,FALSE
21600083,21604131,35809054,16,decrease,1.83483752856652,488,FALSE
21603929,21604131,36718119,10,plateau,1.13082275105019,489,FALSE
21603157,21603175,35809330,20,inverse_plateau,2.22198402255139,490,FALSE
21602730,21604131,36009871,12,uniform,1.66390613380032,491,FALSE
21604422,21604677,43053854,12,increase,2.11551183719103,492,FALSE
21602735,21603356,36211462,10,decrease,1.27823680515091,493,FALSE
21601419,21603724,35809327,10,plateau,2.82154434541227,494,FALSE
21601432,21603718,35809054,16,inverse_plateau,1.5945240072906,495,FALSE
21604516,21604562,36718220,10,uniform,3.4324912924441,496,FALSE
21603908,21603912,36009738,14,increase,1.79237014365693,497,FALSE
21603929,21603965,35809327,12,decrease,3.15079667656345,498,FALSE
21603448,21604714,35809054,13,plateau,1.89139170137544,499,FALSE
21602256,21604344,35809327,19,inverse_plateau,2.55269896730146,500,FALSE
21601390,21602646,35104199,10,uniform,3.66480736174905,501,FALSE
21600658,21603911,35808976,10,increase,1.25644986890256,502,FALSE
21604556,21604571,36315381,10,decrease,3.13979585209214,503,FALSE
21600658,21603897,36110922,10,plateau,1.54869390027912,504,FALSE
21603086,21603718,35909625,11,inverse_plateau,1.53301202195386,505,FALSE
21601435,21601442,35809327,10,uniform,1.8920492293934,506,FALSE
21600484,21602737,35104877,11,increase,2.03180514394603,507,FALSE
21604544,21604563,36416534,13,decrease,1.28233250416815,508,FALSE
21602735,21603980,36918858,11,plateau,3.53160667408231,509,FALSE
21600096,21602735,36110708,15,inverse_plateau,1.3623751308769,510,FALSE
21600513,21603392,36316012,15,uniform,3.66759187220259,511,FALSE
21600493,21603851,36416501,12,increase,1.02997836781045,512,FALSE
21601428,21603800,37219863,14,decrease,1.6815489474684,513,FALSE
21603497,21604562,35809310,16,plateau,2.11013263085844,514,FALSE
21600575,21603980,36776613,12,inverse_plateau,4.11367425014411,515,FALSE
21602735,21603497,36718132,10,uniform,2.76498829443615,516,FALSE
21602730,21603448,35205038,16,increase,1.08565472299023,517,FALSE
21602732,21603896,36110874,46,decrease,1.37536090053618,518,TRUE
21600098,21603909,35708044,17,plateau,2.6753548743264,519,FALSE
21602732,21602921,36416501,15,inverse_plateau,2.89106674481157,520,FALSE
21600111,21602485,35909449,15,uniform,2.76814567043743,521,FALSE
21601390,21603851,35809207,17,increase,2.58539876460395,522,FALSE
21600816,21604169,37522220,24,decrease,1.76706474274397,523,FALSE
21600575,21603967,35708208,15,plateau,3.52031663297339,524,FALSE
21602096,21602873,35204985,15,inverse_plateau,4.3690701597242,525,FALSE
21603370,21603514,36416584,10,uniform,2.47471914062263,526,FALSE
21600663,43534821,35809327,17,increase,2.463486764524,527,FALSE
21601423,21604436,35809054,11,decrease,4.47224401665812,528,FALSE
21600111,21601518,37622449,12,plateau,1.34153672866523,529,FALSE
21603967,21604115,36110597,10,inverse_plateau,1.14439338073134,530,FALSE
21603908,21603925,36110874,12,uniform,1.21106500613193,531,FALSE
21604348,21604415,36919230,13,increase,2.49567303304237,532,FALSE
21601399,21604422,42890355,45,decrease,1.96460760379197,533,TRUE
21601431,21602085,36009901,15,plateau,2.67715760935706,534,FALSE
21604571,21604888,35607439,11,inverse_plateau,1.10930354030439,535,FALSE
21603080,21604571,37622449,26,uniform,1.46210093609989,536,FALSE
21600575,43534853,42889536,15,increase,1.00816243316696,537,FALSE
21600493,21602734,35708208,11,decrease,1.23555788770318,538,FALSE
21604393,21604422,43053854,17,plateau,4.21480224758178,539,FALSE
21604542,21604712,35809310,13,inverse_plateau,1.21699532001393,540,FALSE
21602734,21603165,36516886,10,uniform,1.68801049577693,541,FALSE
21600193,21603448,36718440,11,increase,1.15562059357762,542,FALSE
21601435,21603800,35708067,10,decrease,2.39794294585942,543,FALSE
21600484,21601390,35104877,17,plateau,1.99422381688517,544,FALSE
21604516,21604711,35809310,13,inverse_plateau,1.07965372813245,545,FALSE
21602096,21603448,37622449,15,uniform,1.97977197537185,546,FALSE
21603514,21604344,36918858,10,increase,1.52234089684983,547,FALSE
21601423,21602735,36517125,34,decrease,1.85826454559962,548,TRUE
21604711,21604745,36311918,16,plateau,2.612154122386,549,FALSE
21601129,21603968,35809243,14,inverse_plateau,1.3068655077368,550,FALSE
21600083,21604272,37019318,10,uniform,1.63361956737936,551,FALSE
21604344,21604436,35809054,18,increase,1.42261460401852,552,FALSE
21602690,21602737,35708208,12,decrease,1.28125484163562,553,FALSE
21603732,21603749,36617486,10,plateau,4.55399181180283,554,FALSE
21603967,21604566,35708208,11,inverse_plateau,2.15423138000335,555,FALSE
21603967,21604348,36311983,13,uniform,1.72290258544187,556,FALSE
21603080,21603607,36110874,11,increase,2.12091874698164,557,FALSE
21604542,21604559,36919158,13,decrease,2.68968574821315,558,FALSE
21602734,21603131,35809243,10,plateau,3.96336171732582,559,FALSE
21601390,21602646,35707763,10,inverse_plateau,1.06648895045937,560,FALSE
21601031,21604544,36211496,11,uniform,2.19408924499513,561,FALSE
21601390,21604344,35708208,14,increase,3.9809768374965,562,FALSE
21602338,21603897,37522220,14,decrease,3.11505088590221,563,FALSE
21603131,21604857,35708208,11,plateau,1.62238483379285,564,FALSE
21604115,21604418,36516865,11,inverse_plateau,3.81530406309252,565,FALSE
21600083,21604344,35809054,53,uniform,1.82063252789279,566,TRUE
21602256,21603851,35104341,12,increase,5.59174203850276,567,FALSE
21603175,21603896,37019321,10,decrease,1.72914255969226,568,FALSE
21604272,21604399,36416500,13,plateau,2.29907753437123,569,FALSE
21600975,21603925,35909508,16,inverse_plateau,1.90591536959012,570,FALSE
21603908,21603959,36009833,19,uniform,4.02749391628389,571,FALSE
21603900,21604415,35708642,11,increase,2.58645806704324,572,FALSE
21600096,21600097,35809243,10,decrease,1.87100565743943,573,FALSE
21601423,21603131,36009891,16,plateau,2.7612918378846,574,FALSE
21604272,21604348,37219907,10,inverse_plateau,2.30654835447035,575,FALSE
21604422,21604431,37320127,11,uniform,7.16800866987476,576,FALSE
21600604,21601390,35104877,12,increase,3.86027707887774,577,FALSE
21601390,21603992,35809072,13,decrease,1.63244393778344,578,FALSE
21603929,40253398,35708642,42,plateau,3.2235301111015,579,TRUE
21603009,21603896,36009895,13,inverse_plateau,1.21809566094371,580,FALSE
21600513,21600575,42889536,21,uniform,1.60945360610882,581,FALSE
21603497,40252237,35809304,10,increase,2.91507037611376,582,FALSE
21601423,21602096,35104199,10,decrease,2.24780752504231,583,FALSE
21602737,21603732,35708202,10,plateau,1.61517616795997,584,FALSE
21604562,21604741,35506601,14,inverse_plateau,2.39588262631855,585,FALSE
21601518,21604434,42889636,10,uniform,1.47494014849265,586,FALSE
21603157,21603164,36314766,19,increase,1.21335229091346,587,FALSE
21604425,21604440,36776613,26,decrease,2.63446070620777,588,FALSE
21601442,21603135,35809327,10,plateau,1.66291457476715,589,FALSE
21600493,21604193,35204948,11,inverse_plateau,2.8348113161262,590,FALSE
21601390,21603748,35104883,25,uniform,4.67134343815928,591,FALSE
21602734,21603756,37219907,12,increase,3.38160070664717,592,FALSE
21600303,21603362,36009756,16,decrease,1.13743287036462,593,FALSE
21600395,21600718,42889636,12,plateau,3.58884548136317,594,FALSE
21601789,21604434,36818729,11,inverse_plateau,1.59658379728595,595,FALSE
21600100,21603312,37522181,14,uniform,1.93632511208883,596,FALSE
21600575,21600816,35708100,13,increase,1.03934469994651,597,FALSE
21600303,21603448,36009783,23,decrease,1.54496114763121,598,FALSE
21603900,21604436,36776613,23,plateau,2.38118426797478,599,FALSE
21601390,21602734,36416501,16,inverse_plateau,1.50211344907681,600,FALSE
21600449,21601518,37219867,11,uniform,1.42104322131618,601,FALSE
21601911,21602737,37622449,12,increase,2.79380089784028,602,FALSE
21603082,21604577,36718379,12,decrease,2.02124525550447,603,FALSE
21604305,21604344,35708202,10,plateau,1.79734350244204,604,FALSE
21602648,21604305,36110597,14,inverse_plateau,2.46862145825315,605,FALSE
21602924,21603925,35104877,16,uniform,1.03914629340698,606,FALSE
21601518,21603549,35104074,11,increase,3.19206628440542,607,FALSE
21603718,21604210,36313594,16,decrease,2.62687729417644,608,FALSE
21600719,21603392,42889536,14,plateau,1.44145268388093,609,FALSE
21604436,40255958,35809327,12,inverse_plateau,1.27411458765467,610,FALSE
21604422,21604529,36718191,11,uniform,1.306690486148,611,FALSE
21603448,21604712,36918984,11,increase,5.74003736895132,612,FALSE
21600965,21600994,35708208,12,decrease,1.32157682754156,613,FALSE
21602924,21605269,35104877,14,plateau,1.10047452027599,614,FALSE
21600096,21604131,36313550,10,inverse_plateau,3.25196062762264,615,FALSE
21600663,21603917,35205025,48,uniform,5.32357624150759,616,TRUE
21600399,21604422,35809327,12,increase,3.93958634866362,617,FALSE
21600362,21602096,35707763,10,decrease,3.98933369152829,618,FALSE
21600994,21602653,35809130,11,plateau,1.1718810109443,619,FALSE
21600513,21600575,37219907,12,inverse_plateau,2.46948853750389,620,FALSE
21603967,21604577,35708093,11,uniform,1.34892138962944,621,FALSE
21600096,21600449,35708093,10,increase,2.45863882727992,622,FALSE
21602732,21603917,35205345,10,decrease,1.5121021134158,623,FALSE
21602823,21603082,37219942,13,plateau,2.97925906617168,624,FALSE
21603448,21604431,36919230,28,inverse_plateau,3.2272688000274,625,FALSE
21602919,21603392,42889536,94,uniform,1.53804434090853,626,TRUE
21604711,21604888,36718267,10,increase,1.50488097655276,627,FALSE
21604393,21604436,36718540,34,decrease,2.80105176189901,628,TRUE
21603168,21603175,36314766,18,plateau,1.73212078394845,629,FALSE
21603922,21603929,43053882,13,inverse_plateau,1.36020046907167,630,FALSE
21601436,21603748,35809207,11,uniform,2.0989972402092,631,FALSE
21604344,21604711,36919230,13,increase,1.9805875395175,632,FALSE
21600096,21603929,35708202,13,decrease,1.2783326699088,633,FALSE
21601423,21603804,36416501,13,plateau,6.76864455606709,634,FALSE
21600535,21602485,36211303,26,inverse_plateau,3.4317391612999,635,FALSE
21604418,21604425,36211462,13,uniform,1.47148004236321,636,FALSE
21603370,21603525,37320212,10,increase,1.85627698511725,637,FALSE
21602256,21603959,36516817,10,decrease,1.19494900045296,638,FALSE
21602820,21604422,43053854,11,plateau,3.06442989977639,639,FALSE
21600503,21604571,35708202,11,inverse_plateau,1.47911266982555,640,FALSE
21601428,21603732,37219905,10,uniform,1.0649403296411,641,FALSE
21600484,21604348,35708208,10,increase,1.83773922982315,642,FALSE
21602256,21604229,36110642,14,decrease,2.38191731675027,643,FALSE
21604418,21604440,36776613,43,plateau,1.15348568372428,644,TRUE
21600493,21601423,35809243,13,inverse_plateau,1.7077775982519,645,FALSE
21604516,21604566,36918858,10,uniform,3.08133402853623,646,FALSE
21603905,21603908,788653,25,increase,3.03186467285644,647,FALSE
21601699,21604559,36718191,10,decrease,1.1045803502202,648,FALSE
21603756,21603927,35104691,10,plateau,1.35917121606568,649,FALSE
21603448,21604260,35809054,14,inverse_plateau,2.8449680879152,650,FALSE
21601435,21603733,37622449,16,uniform,1.07913407465174,651,FALSE
21601045,21603392,36110597,10,increase,2.27681517843765,652,FALSE
21600604,21603448,37622449,11,decrease,1.19132528516154,653,FALSE
21602504,21604562,36818634,23,plateau,3.27536879068909,654,FALSE
21600083,21604422,36776613,12,inverse_plateau,4.28051487339621,655,FALSE
21601518,21604571,36416563,13,uniform,1.5623915369312,656,FALSE
21603909,21604305,35809054,14,increase,2.29853263454724,657,FALSE
21603909,21603924,35809327,12,decrease,1.02940121043457,658,FALSE
21602895,21603917,37220005,12,plateau,1.86162090984484,659,FALSE
21603160,21603181,37521618,12,inverse_plateau,1.72738638333976,660,FALSE
21601390,21601911,35104877,12,uniform,1.02940141205936,661,FALSE
21604305,21604348,36211492,16,increase,1.96129818768013,662,FALSE
21603135,21603924,36110874,10,decrease,2.71172680700185,663,FALSE
21601200,21604434,36918937,10,plateau,3.93782499070505,664,FALSE
21601435,21602730,36110736,12,inverse_plateau,1.63776992385586,665,FALSE
21601129,21603967,35809327,11,uniform,1.97448246129399,666,FALSE
21602823,21604857,36211303,10,increase,2.3785013021962,667,FALSE
21604417,21604574,36718537,10,decrease,1.53372420867284,668,FALSE
21601423,21603909,37019456,11,plateau,1.4008360100525,669,FALSE
21603151,21603160,35104074,11,inverse_plateau,1.22345971440276,670,FALSE
21603905,21603911,36009833,53,uniform,3.82132272971771,671,TRUE
21600097,21602730,35809310,10,increase,1.4979350908349,672,FALSE
21602895,21604393,37220005,12,decrease,1.36604449152946,673,FALSE
21600362,21603896,35104199,10,plateau,3.62244733660145,674,FALSE
21603068,21604115,36718458,12,inverse_plateau,1.1649968419224,675,FALSE
21602732,21603925,36718132,18,uniform,8.7617311274498,676,FALSE
21603514,21604436,35809310,10,increase,4.69215834869032,677,FALSE
21600816,21603288,42889536,13,decrease,1.50758555386861,678,FALSE
21601394,21602734,35104868,38,plateau,1.87832034255068,679,TRUE
21602504,21603514,35809310,11,inverse_plateau,4.9106364744648,680,FALSE
21600484,21603497,36516876,11,uniform,1.08435450863064,681,FALSE
21600083,21603131,35809054,18,increase,3.48976320514229,682,FALSE
21603312,21603356,36919045,11,decrease,1.68037057667971,683,FALSE
21604431,21604440,35809327,22,plateau,3.0894259858998,684,FALSE
21602919,21602978,37219907,14,inverse_plateau,2.19365435212216,685,FALSE
21600096,21602734,36009754,15,uniform,2.23618187043348,686,FALSE
21600096,21603288,37219907,10,increase,1.47450567784407,687,FALSE
21601518,21601785,37622529,10,decrease,2.25213135057205,688,FALSE
21600096,21600664,35708154,11,plateau,3.41693701583866,689,FALSE
21603607,21604643,35809310,12,inverse_plateau,1.19953634155293,690,FALSE
21603448,21603925,35708208,10,uniform,1.31461292629441,691,FALSE
21604393,21604433,35809243,12,increase,2.92210699109955,692,FALSE
21603082,21604272,35809054,10,decrease,2.21901810039442,693,FALSE
21603758,21603929,37522220,23,plateau,1.10224392202993,694,FALSE
21600658,21602732,36110922,10,inverse_plateau,2.31306219716233,695,FALSE
21600493,21605129,42889536,22,uniform,1.51755794673527,696,FALSE
21600083,21600449,37522220,15,increase,4.40094856652702,697,FALSE
21603992,21604434,35809243,11,decrease,1.76047514254848,698,FALSE
21603448,21604857,37622449,17,plateau,1.15784804274638,699,FALSE
21601534,21602653,37522220,28,inverse_plateau,1.16569079644978,700,FALSE
21601419,21603724,35104768,14,uniform,2.06453351362385,701,FALSE
21603900,21604440,35809079,10,increase,1.81992310161392,702,FALSE
21601423,21604571,35708202,12,decrease,4.1593839350539,703,FALSE
21603285,21603497,35708208,10,plateau,2.66665362436932,704,FALSE
21600484,21603748,36718229,13,inverse_plateau,2.79920701676966,705,FALSE
21603908,21603921,36516786,24,uniform,1.41925839272638,706,FALSE
21600819,21601133,35205038,11,increase,2.02893212307852,707,FALSE
21600096,21602085,35909437,17,decrease,5.94968528339329,708,FALSE
21604418,21604571,36919230,13,plateau,1.40702644859751,709,FALSE
21602735,21603392,42889536,34,inverse_plateau,1.39918424899298,710,TRUE
21603756,21603896,37019321,10,uniform,2.72107081730526,711,FALSE
21600535,21600816,35205038,10,increase,4.23344367477382,712,FALSE
21604543,21604740,42889647,10,decrease,4.28924066059872,713,FALSE
21603927,21604344,35708208,10,plateau,3.07358173766457,714,FALSE
21603160,21603175,37622529,11,inverse_plateau,1.27494307421148,715,FALSE
21602653,45893474,35708202,12,uniform,2.13427075176896,716,FALSE
21603896,21603927,35708208,14,increase,2.05658717572055,717,FALSE
21601161,21603356,37522181,18,decrease,2.48869039361041,718,FALSE
21603086,21604210,35909625,15,plateau,3.03934823462092,719,FALSE
21602735,45893488,37522220,40,inverse_plateau,1.70324976059298,720,TRUE
21604434,21604571,35708208,16,uniform,3.14638903974218,721,FALSE
21602737,21605129,36416595,12,increase,1.05246739337842,722,FALSE
21602732,21604348,35204948,20,decrease,12.9283019202193,723,FALSE
21604393,21604431,36718530,13,plateau,3.31896405063185,724,FALSE
21601518,21602735,36416501,13,inverse_plateau,3.66953132042014,725,FALSE
21601423,21604229,36211181,17,uniform,1.48253280356268,726,FALSE
21604559,21604749,42889647,10,increase,1.20512229887148,727,FALSE
21600816,21605129,35306246,23,decrease,1.96409311760825,728,FALSE
21604571,21604857,37622449,14,plateau,1.60926893788079,729,FALSE
21600494,21602730,35809054,10,inverse_plateau,1.03982144035399,730,FALSE
21600083,21600303,37219907,12,uniform,1.07464153456737,731,FALSE
21603210,21603967,35708093,11,increase,3.14663958538297,732,FALSE
21602823,21604422,35809054,14,decrease,1.38435032591224,733,FALSE
21604122,21604436,35204981,11,plateau,4.23835839562699,734,FALSE
21600098,21604436,35708208,10,inverse_plateau,2.31878454853457,735,FALSE
21601466,21604718,36311918,16,uniform,3.51267316926244,736,FALSE
21603356,21604348,36718132,11,increase,1.35199436545372,737,FALSE
21602737,21604348,35708154,12,decrease,3.44942474105679,738,FALSE
21601139,21601518,35809243,11,plateau,1.94054469708961,739,FALSE
21603021,21603103,35809330,11,inverse_plateau,1.29746465136607,740,FALSE
21604566,21604714,36919059,12,uniform,1.36422166200939,741,FALSE
21604559,21604712,35809077,13,increase,1.74684802442789,742,FALSE
21603356,21605129,37219907,13,decrease,1.28840653474132,743,FALSE
21600096,21602737,35708208,11,plateau,2.53463230028114,744,FALSE
21603448,21605129,35104074,10,inverse_plateau,3.74770177641236,745,FALSE
21601161,21603967,35809054,11,uniform,1.6116754040122,746,FALSE
21604431,21604714,36919236,12,increase,1.25278142677428,747,FALSE
21600946,21604344,35809054,15,decrease,2.36011116076868,748,FALSE
21600098,21604344,36718132,12,plateau,2.18115314959846,749,FALSE
21603929,21604422,37522220,23,inverse_plateau,1.37372179018954,750,FALSE
